# t(s), cv(%), R($), iR($), C($), iC($), d
0.000,75.000,0.670,0.670,45322498.655,771.605,0.000
1.000,74.925,1.357,1.357,770.833,771.605,0.100
2.000,74.925,0.592,0.592,770.833,771.605,0.000
3.000,74.925,0.524,0.524,770.833,771.605,0.000
4.000,74.925,0.942,0.942,770.833,771.605,0.000
5.000,74.850,2.913,2.913,770.062,771.605,0.100
6.000,74.850,0.560,0.560,770.062,771.605,0.000
7.000,74.775,0.491,0.491,769.290,771.605,0.100
8.000,74.550,2.652,2.652,766.975,771.605,0.300
9.000,74.550,0.995,0.996,766.975,771.605,0.000
10.000,74.475,0.397,0.397,766.204,771.605,0.100
11.000,74.475,0.822,0.840,766.204,771.605,0.000
12.000,74.475,1.490,1.490,766.204,771.605,0.000
13.000,74.400,0.586,0.587,765.432,771.605,0.100
14.000,74.250,0.334,0.334,763.889,771.605,0.200
15.000,74.175,1.552,1.561,763.117,771.605,0.100
16.000,74.100,1.473,1.490,762.346,771.605,0.100
17.000,73.875,0.719,0.719,760.031,771.605,0.300
18.000,73.725,0.385,0.385,758.488,771.605,0.200
19.000,73.725,1.156,1.178,758.488,771.605,0.000
20.000,73.725,1.914,1.959,758.488,771.605,0.000
21.000,73.725,0.389,0.389,758.488,771.605,0.000
22.000,73.725,0.939,0.939,758.488,771.605,0.000
23.000,73.725,1.698,1.759,758.488,771.605,0.000
24.000,73.575,0.659,0.682,756.944,771.605,0.200
25.000,73.500,0.352,0.352,756.173,771.605,0.100
26.000,73.425,1.519,1.519,755.401,771.605,0.100
27.000,73.350,1.682,1.724,754.630,771.605,0.100
28.000,73.275,0.321,0.337,753.858,771.605,0.100
29.000,73.275,0.455,0.455,753.858,771.605,0.000
30.000,73.200,2.169,2.169,753.086,771.605,0.100
31.000,73.125,0.866,0.870,752.315,771.605,0.100
32.000,73.050,0.377,0.378,751.543,771.605,0.100
33.000,73.050,4.182,4.182,751.543,771.605,0.000
34.000,73.050,1.469,1.469,751.543,771.605,0.000
35.000,72.825,0.770,0.770,749.228,771.605,0.300
36.000,72.750,0.404,0.409,748.457,771.605,0.100
37.000,72.600,1.017,1.017,746.914,771.605,0.200
38.000,72.600,1.220,1.226,746.914,771.605,0.000
39.000,72.525,0.669,0.669,746.142,771.605,0.100
40.000,72.375,0.373,0.396,744.599,771.605,0.200
41.000,72.375,1.339,1.598,744.599,771.605,0.000
42.000,72.300,0.945,0.960,743.827,771.605,0.100
43.000,72.300,0.393,0.394,743.827,771.605,0.000
44.000,72.300,1.085,1.090,743.827,771.605,0.000
45.000,72.300,1.619,1.629,743.827,771.605,0.000
46.000,72.150,1.860,1.864,742.284,771.605,0.200
47.000,72.150,0.568,0.579,742.284,771.605,0.000
48.000,72.075,1.294,1.312,741.512,771.605,0.100
49.000,72.000,2.664,2.772,740.741,771.605,0.100
50.000,71.925,0.283,0.284,739.969,771.605,0.100
51.000,71.850,1.041,1.045,739.198,771.605,0.100
52.000,71.700,1.403,1.537,737.654,771.605,0.200
53.000,71.700,1.339,1.448,737.654,771.605,0.000
54.000,71.625,0.366,0.373,736.883,771.605,0.100
55.000,71.550,1.640,1.657,736.111,771.605,0.100
56.000,71.550,1.579,1.640,736.111,771.605,0.000
57.000,71.475,0.967,0.993,735.340,771.605,0.100
58.000,71.400,0.701,0.751,734.568,771.605,0.100
59.000,71.400,1.947,2.002,734.568,771.605,0.000
60.000,71.400,1.132,1.223,734.568,771.605,0.000
61.000,71.400,0.471,0.494,734.568,771.605,0.000
62.000,71.250,0.834,0.837,733.025,771.605,0.200
63.000,71.025,1.529,1.564,730.710,771.605,0.300
64.000,71.025,0.706,0.913,730.710,771.605,0.000
65.000,71.025,0.246,0.254,730.710,771.605,0.000
66.000,71.025,0.812,0.880,730.710,771.605,0.000
67.000,70.875,1.212,1.212,729.167,771.605,0.200
68.000,70.800,1.116,1.140,728.395,771.605,0.100
69.000,70.800,0.612,0.673,728.395,771.605,0.000
70.000,70.725,0.880,0.939,727.623,771.605,0.100
71.000,70.725,1.969,2.155,727.623,771.605,0.000
72.000,70.575,0.616,0.625,726.080,771.605,0.200
73.000,70.425,0.430,0.489,724.537,771.605,0.200
74.000,70.350,3.587,3.710,723.765,771.605,0.100
75.000,70.350,0.845,0.852,723.765,771.605,0.000
76.000,70.200,0.370,0.372,722.222,771.605,0.200
77.000,70.050,0.987,1.142,720.679,771.605,0.200
78.000,69.975,1.804,1.959,719.907,771.605,0.100
79.000,69.900,0.614,0.621,719.136,771.605,0.100
80.000,69.750,0.409,0.410,717.593,771.605,0.200
81.000,69.675,1.441,1.558,716.821,771.605,0.100
82.000,69.600,1.287,1.669,716.049,771.605,0.100
83.000,69.450,0.252,0.290,714.506,771.605,0.200
84.000,69.150,0.607,0.668,711.420,771.605,0.400
85.000,68.850,1.454,1.707,708.333,771.605,0.400
86.000,68.850,1.879,2.179,708.333,771.605,0.000
87.000,68.775,0.327,0.376,707.562,771.605,0.100
88.000,68.625,0.691,0.844,706.019,771.605,0.200
89.000,68.550,1.529,1.593,705.247,771.605,0.100
90.000,68.400,0.550,0.605,703.704,771.605,0.200
91.000,68.400,0.518,0.561,703.704,771.605,0.000
92.000,68.325,1.653,1.817,702.932,771.605,0.100
93.000,68.250,0.937,1.111,702.160,771.605,0.100
94.000,68.100,0.333,0.345,700.617,771.605,0.200
95.000,67.950,0.604,0.892,699.074,771.605,0.200
96.000,67.875,1.999,2.170,698.302,771.605,0.100
97.000,67.725,0.570,0.586,696.759,771.605,0.200
98.000,67.575,0.468,0.507,695.216,771.605,0.200
99.000,67.500,2.609,2.760,694.444,771.605,0.100
100.000,67.275,1.225,1.305,692.130,771.605,0.300
101.000,67.125,0.582,0.672,690.586,771.605,0.200
102.000,67.050,0.981,1.031,689.815,771.605,0.100
103.000,67.050,1.301,1.517,689.815,771.605,0.000
104.000,66.900,1.149,1.190,688.272,771.605,0.200
105.000,66.675,0.231,0.333,685.957,771.605,0.300
106.000,66.600,1.166,1.272,685.185,771.605,0.100
107.000,66.600,1.116,1.362,685.185,771.605,0.000
108.000,66.600,0.804,0.817,685.185,771.605,0.000
109.000,66.375,0.567,0.598,682.870,771.605,0.300
110.000,66.375,1.537,1.695,682.870,771.605,0.000
111.000,66.300,1.167,1.330,682.099,771.605,0.100
112.000,66.225,0.282,0.286,681.327,771.605,0.100
113.000,66.000,0.566,0.867,679.012,771.605,0.300
114.000,65.925,0.960,1.193,678.241,771.605,0.100
115.000,65.775,5.039,5.109,676.698,771.605,0.200
116.000,65.775,0.350,0.418,676.698,771.605,0.000
117.000,65.775,0.782,0.871,676.698,771.605,0.000
118.000,65.550,1.217,1.387,674.383,771.605,0.300
119.000,65.475,1.020,1.092,673.611,771.605,0.100
120.000,65.400,0.672,0.678,672.840,771.605,0.100
121.000,65.175,1.555,1.638,670.525,771.605,0.300
122.000,65.100,0.719,1.478,669.753,771.605,0.100
123.000,64.950,0.385,0.509,668.210,771.605,0.200
124.000,64.875,0.635,0.954,667.438,771.605,0.100
125.000,64.725,1.318,1.838,665.895,771.605,0.200
126.000,64.725,1.015,1.277,665.895,771.605,0.000
127.000,64.500,0.451,0.469,663.580,771.605,0.300
128.000,64.275,1.107,1.237,661.265,771.605,0.300
129.000,64.275,1.142,1.342,661.265,771.605,0.000
130.000,64.200,0.753,0.949,660.494,771.605,0.100
131.000,63.975,0.362,0.438,658.179,771.605,0.300
132.000,63.825,0.982,1.185,656.636,771.605,0.200
133.000,63.675,0.915,1.303,655.093,771.605,0.200
134.000,63.600,0.514,0.571,654.321,771.605,0.100
135.000,63.450,0.601,0.657,652.778,771.605,0.200
136.000,63.450,1.495,1.850,652.778,771.605,0.000
137.000,63.375,1.806,2.425,652.006,771.605,0.100
138.000,63.375,0.490,0.552,652.006,771.605,0.000
139.000,63.300,0.679,0.846,651.235,771.605,0.100
140.000,63.075,1.454,1.774,648.920,771.605,0.300
141.000,63.075,0.597,0.718,648.920,771.605,0.000
142.000,62.925,0.423,0.428,647.377,771.605,0.200
143.000,62.700,1.427,1.575,645.062,771.605,0.300
144.000,62.625,1.144,1.711,644.290,771.605,0.100
145.000,62.550,0.196,0.381,643.519,771.605,0.100
146.000,62.400,0.713,0.734,641.975,771.605,0.200
147.000,62.400,1.709,1.906,641.975,771.605,0.000
148.000,62.325,1.038,1.189,641.204,771.605,0.100
149.000,62.250,1.080,1.111,640.432,771.605,0.100
150.000,62.250,1.292,1.466,640.432,771.605,0.000
151.000,62.100,1.621,1.866,638.889,771.605,0.200
152.000,61.950,0.904,1.024,637.346,771.605,0.200
153.000,61.950,0.489,0.557,637.346,771.605,0.000
154.000,61.800,1.404,1.584,635.802,771.605,0.200
155.000,61.800,1.283,1.398,635.802,771.605,0.000
156.000,61.725,0.375,0.427,635.031,771.605,0.100
157.000,61.650,0.405,0.904,634.259,771.605,0.100
158.000,61.575,1.446,2.297,633.488,771.605,0.100
159.000,61.275,0.814,1.059,630.401,771.605,0.400
160.000,61.050,0.496,0.514,628.086,771.605,0.300
161.000,60.900,1.630,2.020,626.543,771.605,0.200
162.000,60.750,2.795,2.954,625.000,771.605,0.200
163.000,60.600,0.441,0.704,623.457,771.605,0.200
164.000,60.375,0.731,0.802,621.142,771.605,0.300
165.000,60.225,1.261,1.428,619.599,771.605,0.200
166.000,60.225,1.081,1.381,619.599,771.605,0.000
167.000,60.075,0.262,0.383,618.056,771.605,0.200
168.000,59.850,0.902,1.031,615.741,771.605,0.300
169.000,59.700,1.625,1.926,614.198,771.605,0.200
170.000,59.625,0.759,0.864,613.426,771.605,0.100
171.000,59.475,0.367,1.086,611.883,771.605,0.200
172.000,59.325,0.940,1.407,610.340,771.605,0.200
173.000,59.325,1.163,1.396,610.340,771.605,0.000
174.000,59.175,0.588,0.747,608.796,771.605,0.200
175.000,59.175,0.815,0.908,608.796,771.605,0.000
176.000,59.100,1.312,1.464,608.025,771.605,0.100
177.000,58.950,1.122,1.409,606.481,771.605,0.200
178.000,58.800,0.619,0.689,604.938,771.605,0.200
179.000,58.725,0.959,1.155,604.167,771.605,0.100
180.000,58.650,1.365,1.666,603.395,771.605,0.100
181.000,58.425,0.858,1.143,601.080,771.605,0.300
182.000,58.275,0.442,0.480,599.537,771.605,0.200
183.000,58.200,0.780,1.003,598.765,771.605,0.100
184.000,58.125,3.498,3.914,597.994,771.605,0.100
185.000,57.900,0.331,0.499,595.679,771.605,0.300
186.000,57.750,0.668,0.735,594.136,771.605,0.200
187.000,57.600,1.012,1.336,592.593,771.605,0.200
188.000,57.375,2.034,2.304,590.278,771.605,0.300
189.000,57.300,0.250,0.313,589.506,771.605,0.100
190.000,56.925,0.895,1.251,585.648,771.605,0.500
191.000,56.625,1.617,2.386,582.562,771.605,0.400
192.000,56.475,0.747,0.905,581.019,771.605,0.200
193.000,56.175,0.335,0.586,577.932,771.605,0.400
194.000,55.875,2.102,2.740,574.846,771.605,0.400
195.000,55.800,0.931,1.359,574.074,771.605,0.100
196.000,55.725,1.565,1.801,573.302,771.605,0.100
197.000,55.575,0.780,1.061,571.759,771.605,0.200
198.000,55.200,1.001,1.642,567.901,771.605,0.500
199.000,55.200,1.036,1.527,567.901,771.605,0.000
200.000,55.050,0.360,0.494,566.358,771.605,0.200
201.000,54.900,1.273,1.709,564.815,771.605,0.200
202.000,54.825,1.969,2.323,564.043,771.605,0.100
203.000,54.750,1.156,1.311,563.272,771.605,0.100
204.000,54.675,0.602,0.724,562.500,771.605,0.100
205.000,54.525,1.216,1.875,560.957,771.605,0.200
206.000,54.450,0.946,1.674,560.185,771.605,0.100
207.000,54.450,0.311,0.456,560.185,771.605,0.000
208.000,54.300,0.588,0.660,558.642,771.605,0.200
209.000,54.225,1.438,2.089,557.870,771.605,0.100
210.000,54.150,0.935,1.559,557.099,771.605,0.100
211.000,54.000,0.404,0.481,555.556,771.605,0.200
212.000,53.850,1.474,1.872,554.012,771.605,0.200
213.000,53.550,1.489,2.255,550.926,771.605,0.400
214.000,53.550,0.379,0.500,550.926,771.605,0.000
215.000,53.325,0.422,1.051,548.611,771.605,0.300
216.000,53.175,1.167,1.843,547.068,771.605,0.200
217.000,53.100,1.342,1.594,546.296,771.605,0.100
218.000,52.950,0.472,0.567,544.753,771.605,0.200
219.000,52.725,0.429,0.784,542.438,771.605,0.300
220.000,52.725,0.947,2.126,542.438,771.605,0.000
221.000,52.425,0.904,1.800,539.352,771.605,0.400
222.000,52.275,0.732,1.222,537.809,771.605,0.200
223.000,52.275,1.116,1.569,537.809,771.605,0.000
224.000,52.050,0.953,1.627,535.494,771.605,0.300
225.000,51.825,2.992,3.273,533.179,771.605,0.300
226.000,51.825,0.522,0.684,533.179,771.605,0.000
227.000,51.825,1.329,1.886,533.179,771.605,0.000
228.000,51.600,1.065,1.476,530.864,771.605,0.300
229.000,51.225,0.234,0.483,527.006,771.605,0.500
230.000,51.000,0.580,0.839,524.691,771.605,0.300
231.000,50.850,0.982,1.996,523.148,771.605,0.200
232.000,50.625,1.648,1.859,520.833,771.605,0.300
233.000,50.625,0.279,0.404,520.833,771.605,0.000
234.000,50.250,0.807,1.252,516.975,771.605,0.500
235.000,49.950,2.501,4.623,513.889,771.605,0.400
236.000,49.950,0.694,1.229,513.889,771.605,0.000
237.000,49.650,0.768,0.952,510.802,771.605,0.400
238.000,49.275,4.175,4.488,506.944,771.605,0.500
239.000,49.125,1.251,1.480,505.401,771.605,0.200
240.000,48.975,0.251,0.602,503.858,771.605,0.200
241.000,48.825,1.174,1.382,502.315,771.605,0.200
242.000,48.750,1.331,2.110,501.543,771.605,0.100
243.000,48.600,1.151,1.347,500.000,771.605,0.200
244.000,48.375,0.570,0.712,497.685,771.605,0.300
245.000,48.300,1.843,2.072,496.914,771.605,0.100
246.000,48.300,1.330,1.822,496.914,771.605,0.000
247.000,48.000,0.832,1.082,493.827,771.605,0.400
248.000,47.700,0.625,0.805,490.741,771.605,0.400
249.000,47.625,1.469,1.902,489.969,771.605,0.100
250.000,47.175,0.929,1.418,485.340,771.605,0.600
251.000,46.950,0.703,0.894,483.025,771.605,0.300
252.000,46.800,0.431,0.971,481.481,771.605,0.200
253.000,46.575,4.046,4.615,479.167,771.605,0.300
254.000,46.275,0.606,1.139,476.080,771.605,0.400
255.000,46.050,0.077,0.434,473.765,771.605,0.300
256.000,45.900,0.834,1.625,472.222,771.605,0.200
257.000,45.600,0.892,1.405,469.136,771.605,0.400
258.000,45.450,0.399,0.571,467.593,771.605,0.200
259.000,45.375,0.298,0.544,466.821,771.605,0.100
260.000,45.150,1.674,3.729,464.506,771.605,0.300
261.000,44.850,0.995,1.592,461.420,771.605,0.400
262.000,44.625,0.372,0.676,459.105,771.605,0.300
263.000,44.475,0.540,4.303,457.562,771.605,0.200
264.000,44.175,1.577,2.117,454.475,771.605,0.400
265.000,44.025,0.833,1.079,452.932,771.605,0.200
266.000,44.025,0.374,0.982,452.932,771.605,0.000
267.000,43.875,0.916,1.891,451.389,771.605,0.200
268.000,43.800,1.305,1.861,450.617,771.605,0.100
269.000,43.725,1.254,1.741,449.846,771.605,0.100
270.000,43.575,0.470,0.658,448.302,771.605,0.200
271.000,43.350,1.652,2.342,445.988,771.605,0.300
272.000,43.200,0.579,1.353,444.444,771.605,0.200
273.000,43.050,0.386,0.697,442.901,771.605,0.200
274.000,42.600,0.648,1.113,438.272,771.605,0.600
275.000,42.600,2.659,3.554,438.272,771.605,0.000
276.000,42.375,2.241,2.503,435.957,771.605,0.300
277.000,42.075,0.138,0.399,432.870,771.605,0.400
278.000,42.000,1.539,2.307,432.099,771.605,0.100
279.000,41.700,1.400,2.049,429.012,771.605,0.400
280.000,41.700,0.447,0.731,429.012,771.605,0.000
281.000,41.625,0.727,1.503,428.241,771.605,0.100
282.000,41.475,1.233,2.254,426.698,771.605,0.200
283.000,41.400,1.267,1.806,425.926,771.605,0.100
284.000,41.325,0.150,0.319,425.154,771.605,0.100
285.000,41.250,0.608,1.528,424.383,771.605,0.100
286.000,41.175,1.000,2.517,423.611,771.605,0.100
287.000,40.950,0.551,1.205,421.296,771.605,0.300
288.000,40.725,0.875,1.378,418.981,771.605,0.300
289.000,40.650,0.544,1.912,418.210,771.605,0.100
290.000,40.425,0.898,1.836,415.895,771.605,0.300
291.000,40.200,0.351,3.203,413.580,771.605,0.300
292.000,40.125,0.648,0.922,412.809,771.605,0.100
293.000,40.125,0.768,1.504,412.809,771.605,0.000
294.000,40.125,0.403,1.177,412.809,771.605,0.000
295.000,39.900,0.267,0.539,410.494,771.605,0.300
296.000,39.675,0.627,1.539,408.179,771.605,0.300
297.000,39.300,0.725,1.534,404.321,771.605,0.500
298.000,39.150,0.645,0.948,402.778,771.605,0.200
299.000,38.925,0.203,0.521,400.463,771.605,0.300
300.000,38.775,0.702,1.213,398.920,771.605,0.200
301.000,38.625,2.232,3.365,397.377,771.605,0.200
302.000,38.625,0.346,0.547,397.377,771.605,0.000
303.000,38.475,0.527,0.704,395.833,771.605,0.200
304.000,38.400,3.887,7.201,395.062,771.605,0.100
305.000,38.400,0.646,1.691,395.062,771.605,0.000
306.000,38.400,0.333,0.994,395.062,771.605,0.000
307.000,38.325,0.945,1.277,394.290,771.605,0.100
308.000,38.250,1.942,2.944,393.519,771.605,0.100
309.000,37.875,0.521,0.923,389.660,771.605,0.500
310.000,37.425,0.331,0.727,385.031,771.605,0.600
311.000,37.425,1.701,2.262,385.031,771.605,0.000
312.000,37.350,1.371,2.090,384.259,771.605,0.100
313.000,37.200,0.381,0.693,382.716,771.605,0.200
314.000,37.200,0.299,0.711,382.716,771.605,0.000
315.000,36.825,1.127,2.024,378.858,771.605,0.500
316.000,36.825,2.232,3.079,378.858,771.605,0.000
317.000,36.750,0.126,0.381,378.086,771.605,0.100
318.000,36.525,0.687,1.291,375.772,771.605,0.300
319.000,36.375,1.460,2.591,374.228,771.605,0.200
320.000,36.375,0.442,1.072,374.228,771.605,0.000
321.000,36.300,0.229,0.823,373.457,771.605,0.100
322.000,36.225,0.982,1.952,372.685,771.605,0.100
323.000,36.150,0.803,2.261,371.914,771.605,0.100
324.000,36.150,0.317,0.512,371.914,771.605,0.000
325.000,36.000,0.258,0.729,370.370,771.605,0.200
326.000,35.700,0.891,2.225,367.284,771.605,0.400
327.000,35.400,0.842,1.292,364.198,771.605,0.400
328.000,35.250,0.286,0.670,362.654,771.605,0.200
329.000,35.175,0.865,2.369,361.883,771.605,0.100
330.000,35.025,0.652,1.873,360.340,771.605,0.200
331.000,34.800,0.263,0.959,358.025,771.605,0.300
332.000,34.575,0.282,1.012,355.710,771.605,0.300
333.000,34.500,1.492,2.147,354.938,771.605,0.100
334.000,34.200,0.588,1.916,351.852,771.605,0.400
335.000,34.125,0.204,0.443,351.080,771.605,0.100
336.000,33.900,0.256,0.836,348.765,771.605,0.300
337.000,33.900,0.995,2.634,348.765,771.605,0.000
338.000,33.375,0.536,1.154,343.364,771.605,0.700
339.000,33.150,0.083,0.827,341.049,771.605,0.300
340.000,32.925,0.464,1.526,338.735,771.605,0.300
341.000,32.700,0.964,2.147,336.420,771.605,0.300
342.000,32.475,0.299,0.565,334.105,771.605,0.300
343.000,32.250,0.146,0.903,331.790,771.605,0.300
344.000,31.950,0.489,1.872,328.704,771.605,0.400
345.000,31.650,0.525,4.328,325.617,771.605,0.400
346.000,31.350,0.149,0.578,322.531,771.605,0.400
347.000,31.200,0.855,2.107,320.988,771.605,0.200
348.000,31.050,0.925,2.531,319.444,771.605,0.200
349.000,30.975,0.316,1.128,318.673,771.605,0.100
350.000,30.900,0.534,1.291,317.901,771.605,0.100
351.000,30.450,0.803,2.126,313.272,771.605,0.600
352.000,30.150,0.326,2.163,310.185,771.605,0.400
353.000,30.000,0.229,0.955,308.642,771.605,0.200
354.000,29.925,0.486,1.488,307.870,771.605,0.100
355.000,29.775,1.092,2.372,306.327,771.605,0.200
356.000,29.700,0.529,1.659,305.556,771.605,0.100
357.000,29.625,0.238,0.596,304.784,771.605,0.100
358.000,29.475,0.183,1.843,303.241,771.605,0.200
359.000,29.175,0.551,1.934,300.154,771.605,0.400
360.000,28.875,0.369,1.093,297.068,771.605,0.400
361.000,28.650,0.233,0.504,294.753,771.605,0.300
362.000,28.350,0.955,1.757,291.667,771.605,0.400
363.000,28.275,0.539,1.735,290.895,771.605,0.100
364.000,28.050,0.835,1.235,288.580,771.605,0.300
365.000,27.825,0.410,0.925,286.265,771.605,0.300
366.000,27.675,0.749,1.987,284.722,771.605,0.200
367.000,27.375,0.462,2.039,281.636,771.605,0.400
368.000,27.300,0.362,1.338,280.864,771.605,0.100
369.000,27.300,1.010,1.614,280.864,771.605,0.000
370.000,27.150,0.954,4.283,279.321,771.605,0.200
371.000,26.775,0.706,1.121,275.463,771.605,0.500
372.000,26.400,0.861,1.349,271.605,771.605,0.500
373.000,26.175,0.899,1.488,269.290,771.605,0.300
374.000,25.950,0.982,2.254,266.975,771.605,0.300
375.000,25.800,0.470,1.006,265.432,771.605,0.200
376.000,25.800,0.234,0.699,265.432,771.605,0.000
377.000,25.650,1.651,2.854,263.889,771.605,0.200
378.000,25.500,0.961,2.605,262.346,771.605,0.200
379.000,25.125,0.273,0.478,258.488,771.605,0.500
380.000,24.900,0.764,2.693,256.173,771.605,0.300
381.000,24.825,0.867,2.375,255.401,771.605,0.100
382.000,24.375,0.291,1.388,250.772,771.605,0.600
383.000,24.225,0.069,0.558,249.228,771.605,0.200
384.000,23.775,0.511,1.622,244.599,771.605,0.600
385.000,23.550,0.324,3.595,242.284,771.605,0.300
386.000,23.175,0.293,0.792,238.426,771.605,0.500
387.000,22.800,0.252,0.921,234.568,771.605,0.500
388.000,22.650,0.618,3.335,233.025,771.605,0.200
389.000,22.500,0.813,1.965,231.481,771.605,0.200
390.000,22.350,0.166,0.559,229.938,771.605,0.200
391.000,22.125,1.055,2.611,227.623,771.605,0.300
392.000,21.975,0.620,2.369,226.080,771.605,0.200
393.000,21.675,0.328,0.819,222.994,771.605,0.400
394.000,21.300,0.158,0.751,219.136,771.605,0.500
395.000,21.300,0.588,2.482,219.136,771.605,0.000
396.000,21.225,0.706,1.551,218.364,771.605,0.100
397.000,20.925,0.193,0.738,215.278,771.605,0.400
398.000,20.700,0.280,1.559,212.963,771.605,0.300
399.000,20.550,0.667,2.635,211.420,771.605,0.200
400.000,20.250,0.855,1.697,208.333,771.605,0.400
401.000,19.950,0.090,0.412,205.247,771.605,0.400
402.000,19.650,0.494,1.800,202.160,771.605,0.400
403.000,19.425,0.447,1.959,199.846,771.605,0.300
404.000,19.200,0.271,1.108,197.531,771.605,0.300
405.000,18.975,0.250,0.771,195.216,771.605,0.300
406.000,18.825,0.400,2.561,193.673,771.605,0.200
407.000,18.600,0.447,1.563,191.358,771.605,0.300
408.000,18.525,0.066,0.468,190.586,771.605,0.100
409.000,18.150,0.183,1.891,186.728,771.605,0.500
410.000,17.925,0.146,2.387,184.414,771.605,0.300
411.000,17.850,0.478,3.335,183.642,771.605,0.100
412.000,17.700,0.227,0.644,182.099,771.605,0.200
413.000,17.400,0.153,2.225,179.012,771.605,0.400
414.000,17.175,0.245,2.198,176.698,771.605,0.300
415.000,16.725,0.221,1.199,172.068,771.605,0.600
416.000,16.500,0.126,1.498,169.753,771.605,0.300
417.000,16.425,0.275,1.571,168.981,771.605,0.100
418.000,16.350,0.528,2.378,168.210,771.605,0.100
419.000,16.275,0.103,0.548,167.438,771.605,0.100
420.000,15.975,0.225,1.715,164.352,771.605,0.400
421.000,15.525,0.158,3.143,159.722,771.605,0.600
422.000,15.450,0.432,1.487,158.951,771.605,0.100
423.000,15.225,0.241,1.126,156.636,771.605,0.300
424.000,15.150,1.937,3.207,155.864,771.605,0.100
425.000,15.000,0.361,2.015,154.321,771.605,0.200
426.000,14.325,0.410,2.569,147.377,771.605,0.900
427.000,14.175,0.101,1.061,145.833,771.605,0.200
428.000,14.100,0.322,2.306,145.062,771.605,0.100
429.000,13.950,0.604,2.492,143.519,771.605,0.200
430.000,13.950,0.225,0.599,143.519,771.605,0.000
431.000,13.800,0.262,1.440,141.975,771.605,0.200
432.000,13.725,0.981,3.596,141.204,771.605,0.100
433.000,13.425,0.100,0.994,138.117,771.605,0.400
434.000,13.275,0.251,1.405,136.574,771.605,0.200
435.000,13.050,0.319,1.614,134.259,771.605,0.300
436.000,13.050,1.185,3.405,134.259,771.605,0.000
437.000,12.975,0.037,0.888,133.488,771.605,0.100
438.000,12.900,0.101,1.429,132.716,771.605,0.100
439.000,12.525,0.630,4.373,128.858,771.605,0.500
440.000,12.375,0.184,2.502,127.315,771.605,0.200
441.000,12.225,0.034,0.871,125.772,771.605,0.200
442.000,12.225,0.077,1.182,125.772,771.605,0.000
443.000,11.850,0.674,2.616,121.914,771.605,0.500
444.000,11.700,0.400,1.228,120.370,771.605,0.200
445.000,11.325,0.077,0.500,116.512,771.605,0.500
446.000,11.325,0.558,2.601,116.512,771.605,0.000
447.000,11.100,0.552,2.879,114.198,771.605,0.300
448.000,10.725,0.036,1.026,110.340,771.605,0.500
449.000,10.500,0.074,0.839,108.025,771.605,0.300
450.000,10.275,1.276,3.143,105.710,771.605,0.300
451.000,10.125,0.462,2.565,104.167,771.605,0.200
452.000,9.675,0.022,0.898,99.537,771.605,0.600
453.000,9.300,0.287,1.652,95.679,771.605,0.500
454.000,9.000,0.718,2.417,92.593,771.605,0.400
455.000,8.925,0.129,1.931,91.821,771.605,0.100
456.000,8.850,0.063,0.571,91.049,771.605,0.100
457.000,8.700,0.197,2.870,89.506,771.605,0.200
458.000,8.325,0.471,3.212,85.648,771.605,0.500
459.000,8.250,0.122,0.614,84.877,771.605,0.100
460.000,8.025,0.064,1.263,82.562,771.605,0.300
461.000,7.800,0.632,3.210,80.247,771.605,0.300
462.000,7.575,0.111,2.240,77.932,771.605,0.300
463.000,7.500,0.140,0.626,77.160,771.605,0.100
464.000,7.350,0.224,1.964,75.617,771.605,0.200
465.000,7.350,0.219,3.864,75.617,771.605,0.000
466.000,7.200,0.199,1.180,74.074,771.605,0.200
467.000,7.200,0.001,1.070,74.074,771.605,0.000
468.000,7.050,0.034,2.133,72.531,771.605,0.200
469.000,6.900,0.112,1.835,70.988,771.605,0.200
470.000,6.450,0.300,1.256,66.358,771.605,0.600
471.000,6.450,0.014,1.211,66.358,771.605,0.000
472.000,6.150,0.041,2.348,63.272,771.605,0.400
473.000,6.075,0.046,2.081,62.500,771.605,0.100
474.000,5.850,0.062,0.784,60.185,771.605,0.300
475.000,5.775,0.080,2.821,59.414,771.605,0.100
476.000,5.475,0.022,2.281,56.327,771.605,0.400
495.000,1.875,0.017,1.724,19.290,771.605,0.300
496.000,1.575,0.003,0.904,16.204,771.605,0.400
497.000,1.200,0.000,2.632,12.346,771.605,0.500
498.000,0.750,0.040,2.287,7.716,771.605,0.600
499.000,0.375,0.000,2.017,3.858,771.605,0.500
500.000,0.000,0.000,1.366,0.000,771.605,0.500
477.000,5.325,0.065,3.040,54.784,771.605,0.200
478.000,5.175,0.295,0.956,53.241,771.605,0.200
479.000,5.100,0.111,2.067,52.469,771.605,0.100
480.000,5.025,0.096,8.851,51.698,771.605,0.100
481.000,4.725,0.055,1.115,48.611,771.605,0.400
482.000,4.575,0.850,1.610,47.068,771.605,0.200
483.000,4.575,0.172,1.941,47.068,771.605,0.000
484.000,4.350,0.015,3.117,44.753,771.605,0.300
485.000,4.200,0.002,0.769,43.210,771.605,0.200
486.000,4.125,0.027,1.371,42.438,771.605,0.100
487.000,3.900,0.114,3.107,40.123,771.605,0.300
488.000,3.600,0.091,0.814,37.037,771.605,0.400
489.000,3.000,0.105,0.936,30.864,771.605,0.800
490.000,2.775,0.067,4.321,28.549,771.605,0.300
491.000,2.700,0.136,1.924,27.778,771.605,0.100
492.000,2.700,0.289,1.463,27.778,771.605,0.000
493.000,2.475,0.109,1.152,25.463,771.605,0.300
494.000,2.100,0.445,2.479,21.605,771.605,0.500
